run_timestamp,niche,query_used,channel,video_title,video_url,upload_date,subscriber_count,view_count,lead_score,needs_editor,language_version,reason,prospecting_message,red_flags
2026-01-10 13:46:45,Fitness,Fitness,Improved Health,30-Minute Japanese Walking Workout | Low Impact Intervals for Fat Loss & Endurance,https://www.youtube.com/watch?v=UmJXLXwn5II,05/01/2026,484000,35430,80,True,fr,Le contenu de la cha√Æne Improved Health a un fort potentiel mais le montage pourrait √™tre am√©lior√© pour une exp√©rience utilisateur plus engageante,"Bonjour, je suis impressionn√© par la qualit√© de vos contenus de fitness sur votre cha√Æne Improved Health ! Je pense que avec un montage plus dynamique, vous pourriez encore augmenter l'engagement de vos abonn√©s et attirer de nouveaux spectateurs. Je serais ravi de discuter de la fa√ßon dont je peux vous aider √† am√©liorer la production de vos vid√©os",
2026-01-10 13:46:45,Fitness,Fitness,CARDIO DANCE WITH CLAU & PATY,LEGS WORKOUT | CARDIO DANCE FITNESS,https://www.youtube.com/watch?v=7QK5vaHwpkM,09/01/2026,2970000,9629,80,True,fr,La cha√Æne a un contenu √† fort potentiel mais le montage est parfois lent et pourrait √™tre am√©lior√© pour une exp√©rience utilisateur plus dynamique.,"Bonjour Clau & Paty, votre cha√Æne CARDIO DANCE WITH CLAU & PATY est vraiment inspirante et votre √©nergie est contagieuse ! Je pense que avec un montage vid√©o plus dynamique, vous pourriez encore augmenter l'engagement de vos abonn√©s et attirer de nouveaux fans. Je serais ravi de discuter de la fa√ßon dont je pourrais vous aider √† am√©liorer la production de vos vid√©os.",
2026-01-10 13:46:45,Fitness,Fitness,CARDIO DANCE WITH CLAU & PATY,Abdomen de pie | PRINCIPIANTES | CARDIO DANCE FITNESS,https://www.youtube.com/watch?v=2sQC5RUa0xg,09/01/2026,2970000,10564,80,True,fr,La cha√Æne a un contenu √† fort potentiel mais un montage qui pourrait √™tre am√©lior√© pour une meilleure exp√©rience utilisateur.,"Bonjour Clau & Paty, votre cha√Æne CARDIO DANCE WITH CLAU & PATY est vraiment inspirante et votre √©nergie est contagieuse ! Je pense que avec un montage vid√©o plus dynamique, vous pourriez encore augmenter l'engagement de vos abonn√©s et attirer de nouveaux fans. Je serais ravi de discuter de la fa√ßon dont je peux vous aider √† am√©liorer la production de vos vid√©os.",
2026-01-10 13:46:45,Fitness,Fitness,fabulous50s,Don't Skip This | 28-Day Fitness Challenge for Real Results (Just 10 Minutes a Day),https://www.youtube.com/watch?v=FbDvM9LyhPc,09/01/2026,2180000,14289,80,True,fr,Le contenu a un fort potentiel mais le montage est relativement simple et pourrait √™tre am√©lior√© pour une meilleure exp√©rience utilisateur.,"Bonjour fabulous50s, je suis impressionn√© par la qualit√© de vos contenus et votre engagement envers vos abonn√©s ! Je pense que mon expertise en montage vid√©o pourrait vous aider √† am√©liorer l'exp√©rience utilisateur et √† augmenter l'engagement sur vos vid√©os. Je serais ravi de discuter de la fa√ßon dont je peux vous aider √† prendre vos vid√©os au niveau sup√©rieur.",
2026-01-10 13:46:45,Fitness,Fitness,Will Harlow ‚Äì¬†Over-Fifties Specialist Physio,Over 60? Your Exercise Routine Is Probably Too Complicated,https://www.youtube.com/watch?v=i219_npKMi0,03/01/2026,1540000,81750,80,True,fr,Le contenu de la cha√Æne a un fort potentiel mais le montage est parfois lent et comporte des blancs,"Bonjour Will, votre contenu est vraiment int√©ressant et votre expertise en physioth√©rapie pour les plus de 50 ans est tr√®s utile. Je pense que votre cha√Æne pourrait b√©n√©ficier d'un montage plus dynamique pour accrocher encore plus votre audience. Je serais ravi de discuter de la fa√ßon dont je pourrais vous aider √† am√©liorer la production de vos vid√©os.",
2026-01-10 13:46:45,Fitness,Fitness,Boho Beautiful Yoga,"30 Min Yoga Workout | Full Body Strength, Stretch & Tone For 2026 Results ‚ù§",https://www.youtube.com/watch?v=-utsdX80_T4,01/01/2026,3240000,54753,80,True,fr,La cha√Æne Boho Beautiful Yoga pr√©sente un contenu √† fort potentiel mais avec un montage qui pourrait √™tre am√©lior√© pour une exp√©rience de visionnage plus fluide et engageante.,"Bonjour Juliana, je suis impressionn√© par la qualit√© de votre contenu et la passion que vous mettez dans vos vid√©os de yoga. Je pense que mon expertise en montage vid√©o pourrait aider √† am√©liorer l'exp√©rience de vos abonn√©s et renforcer votre marque. Je serais ravi de discuter de la fa√ßon dont nous pourrions travailler ensemble pour cr√©er des vid√©os encore plus engageantes et professionnelles.",
2026-01-10 13:46:45,Fitness,Fitness,Pamela Reif,50 MIN DANCE CARDIO PARTY - burn 400-500kcal with a smile I LIVE Session,https://www.youtube.com/watch?v=IvLKNcfUf40,10/01/2026,10600000,14690,80,True,fr,La vid√©o a un fort potentiel mais un montage qui pourrait √™tre am√©lior√© pour une exp√©rience de visionnage plus dynamique,"Bonjour Pamela, j'ai d√©couvert votre cha√Æne et je suis impressionn√© par votre √©nergie et votre cr√©ativit√© ! Je pense que votre contenu pourrait √™tre encore plus impactant avec un montage vid√©o plus pr√©cis, je serais ravi de discuter de la fa√ßon dont je pourrais vous aider √† am√©liorer la qualit√© de vos vid√©os",
2026-01-10 13:46:45,Fitness,Fitness,DANIELPT FITNESS,"ONE Kettlebell, NO Repeats | 30-Minute Full Body Follow-Along Workout",https://www.youtube.com/watch?v=96KuI0EuRDg,08/01/2026,158000,5742,80,True,fr,Le contenu de la cha√Æne DANIELPT FITNESS a un fort potentiel mais le montage pourrait √™tre am√©lior√© pour une exp√©rience de visionnage plus fluide et engageante.,"Bonjour Daniel, j'ai d√©couvert votre cha√Æne et je suis impressionn√© par la qualit√© de vos contenus de fitness ! Je pense que mon expertise en montage vid√©o pourrait vous aider √† am√©liorer l'exp√©rience de vos abonn√©s et √† augmenter votre audience. Je serais ravi de discuter avec vous de possibilit√©s de collaboration.",
2026-01-10 13:46:45,Fitness,Fitness,Sam Sulek,58 Days Out - Back at Planet Fitness,https://www.youtube.com/watch?v=cS2bedOa1C4,08/01/2026,4370000,151105,80,True,fr,Le contenu de la cha√Æne a un fort potentiel mais le montage est parfois ¬´ mou ¬ª et pourrait √™tre am√©lior√© pour une meilleure exp√©rience utilisateur.,"Bonjour Sam, j'ai d√©couvert votre cha√Æne et je suis impressionn√© par votre contenu de qualit√© ! Je pense que votre audience pourrait encore √™tre plus engag√©e avec un montage vid√©o plus dynamique. Je serais ravi de discuter de la fa√ßon dont je pourrais vous aider √† am√©liorer la production de vos vid√©os.",
2026-01-10 13:46:45,Fitness,Fitness,James Smith,Has The Fitness Industry Got This Wrong?,https://www.youtube.com/watch?v=ntA7P_vbSdI,06/01/2026,466000,115817,80,True,fr,Le contenu de la cha√Æne a un fort potentiel mais le montage est parfois ¬´ mou ¬ª et pourrait √™tre am√©lior√© pour une meilleure exp√©rience utilisateur.,"Bonjour James, j'ai d√©couvert votre cha√Æne et je suis impressionn√© par la qualit√© de vos contenus ! Je pense que mon expertise en montage vid√©o pourrait vous aider √† am√©liorer l'exp√©rience utilisateur et √† renforcer votre message. Je serais ravi de discuter avec vous de la fa√ßon dont je peux vous aider √† prendre votre contenu √† l'√©tape suivante.",
2026-01-10 13:46:45,Fitness,Fitness,ZUMBA Fitness With Unique Beats,Workout Video | Zumba Fitness With Unique Beats| Vivek Sir,https://www.youtube.com/watch?v=dNNz3tIep7Q,10/01/2026,1510000,11615,80,True,fr,La cha√Æne a un contenu √† fort potentiel mais le montage est peu dynamique et pourrait √™tre am√©lior√©,"Bonjour, j'ai d√©couvert votre cha√Æne ZUMBA Fitness With Unique Beats et j'ai √©t√© impressionn√© par votre √©nergie et votre cr√©ativit√© ! Je pense que votre contenu pourrait √™tre encore plus percutant avec un montage vid√©o de qualit√©, je serais ravi de discuter de la fa√ßon dont je pourrais vous aider √† am√©liorer votre visibilit√© et votre impact",
2026-01-10 13:46:45,Fitness,Fitness,MensXP,Bollywood Personal Trainer Reveals Worst Fitness Habits | How To Eat Right | 2026 Fitness Podcast,https://www.youtube.com/watch?v=VMBAFe175Rc,10/01/2026,1650000,5770,80,True,fr,La cha√Æne MensXP pr√©sente un contenu √† fort potentiel mais avec un montage qui pourrait √™tre am√©lior√© pour une meilleure exp√©rience utilisateur.,"Bonjour, j'ai d√©couvert votre cha√Æne MensXP et j'ai √©t√© impressionn√© par la qualit√© de vos contenus, notamment la vid√©o 'Bollywood Personal Trainer Reveals Worst Fitness Habits'. Je pense que mon expertise en montage vid√©o pourrait vous aider √† am√©liorer l'exp√©rience utilisateur et √† augmenter l'engagement de vos abonn√©s. Je serais ravi de discuter de la fa√ßon dont je peux vous aider √† prendre votre contenu √† l'√©tape suivante.",
2026-01-10 13:46:45,Fitness,Fitness,growingannanas,DAY 5 - 12 MINUTE FITNESS TEST (The Grow Games QUALIFIER),https://www.youtube.com/watch?v=gkMdwLbrbDI,09/01/2026,7900000,36057,80,True,fr,La cha√Æne a un contenu √† fort potentiel mais le montage est parfois ¬´ mou ¬ª et les vid√©os contiennent des blancs et des h√©sitations qui pourraient √™tre am√©lior√©s par un montage plus dynamique.,"Bonjour growingannanas, je suis impressionn√© par votre contenu de fitness de haute qualit√© et votre engagement avec votre communaut√© ! Je pense que mon expertise en montage vid√©o pourrait vous aider √† am√©liorer encore plus vos vid√©os et √† renforcer votre marque. Je serais ravi de discuter de la fa√ßon dont je peux vous aider √† prendre votre contenu √† l'√©tape suivante.",
2026-01-10 13:46:45,Fitness,Fitness,Gabriele Randone ,SHEIN 2026 POWER UP GYM HAUL! #SHEINsports #SHEINtrends #gymwear #fitness,https://www.youtube.com/watch?v=tQ58uKpGNJM,09/01/2026,12100,2474,80,True,fr,Le contenu de la cha√Æne a un fort potentiel mais le montage est parfois ¬´ mou ¬ª et pourrait √™tre am√©lior√© pour une meilleure exp√©rience utilisateur.,"Bonjour Gabriele, j'ai d√©couvert votre cha√Æne et j'ai √©t√© impressionn√© par votre √©nergie et votre passion pour le fitness ! Je pense que votre contenu pourrait √™tre encore plus impactant avec un montage vid√©o de qualit√©. Je serais ravi de discuter de la fa√ßon dont je pourrais vous aider √† am√©liorer la production de vos vid√©os.",
2026-01-10 13:46:45,Fitness,Fitness,Jeremy Ethier,The PERFECT Full Body Workout Plan (Do This 3x/Week),https://www.youtube.com/watch?v=n_YW24F5HGc,06/01/2026,7460000,347155,80,True,fr,Le contenu de la cha√Æne Jeremy Ethier a un fort potentiel mais le montage pourrait √™tre am√©lior√© pour une meilleure exp√©rience utilisateur.,"Bonjour Jeremy, votre contenu est vraiment inspirant et votre expertise en entra√Ænement physique est impressionnante ! Je pense que votre cha√Æne pourrait b√©n√©ficier d'un montage vid√©o plus dynamique pour renforcer l'engagement de vos abonn√©s. Je serais ravi de discuter de la fa√ßon dont je peux vous aider √† am√©liorer la production de vos vid√©os.",
2026-01-10 13:46:45,Fitness,Fitness,Sydney Cummings Houdyshell,All Fitness Levels Cardio Dumbbell Burst Workout! Have FUN with your Fitness!,https://www.youtube.com/watch?v=uR3NSwmjc40,06/01/2026,2930000,93853,80,True,fr,La cha√Æne a un contenu √† fort potentiel mais le montage est parfois lent et pourrait √™tre am√©lior√© pour une exp√©rience utilisateur plus dynamique.,"Bonjour Sydney, j'ai d√©couvert votre cha√Æne et je suis impressionn√© par votre √©nergie et votre passion pour le fitness ! Je pense que votre contenu pourrait √™tre encore plus impactant avec un montage vid√©o plus dynamique, je serais ravi de discuter de la fa√ßon dont je pourrais vous aider √† am√©liorer la production de vos vid√©os.",
2026-01-10 13:46:45,Fitness,Fitness,VFIT WITH VERA,60 MIN FULL BODY CARDIO HIIT Workout - INTENSE BURN FAT FAST At Home | No Equipment - No Repeats,https://www.youtube.com/watch?v=gJOvVTm-NtE,08/01/2026,124000,7005,80,True,fr,La cha√Æne VFIT WITH VERA a un contenu √† fort potentiel mais un montage qui pourrait √™tre am√©lior√© pour une exp√©rience de visionnage plus dynamique,"Bonjour Vera, je suis impressionn√© par votre √©nergie et votre passion pour le fitness ! Vos vid√©os sont tr√®s engageantes, mais je pense que avec un montage plus dynamique, vous pourriez encore augmenter l'impact de vos contenus et fid√©liser vos abonn√©s. Je serais ravi de discuter avec vous de la fa√ßon dont je peux vous aider √† am√©liorer la production de vos vid√©os",
2026-01-10 13:46:45,Fitness,Fitness,Chelsea Trevor,"My 2026 Fitness Routine üí™üèºüíö Glute Workout, 10K Race Training & Healthy Habits | VLOG",https://www.youtube.com/watch?v=z3HNydXWuLg,08/01/2026,807000,7701,80,True,fr,La cha√Æne a un contenu √† fort potentiel mais un montage qui pourrait √™tre am√©lior√© pour mieux engager les spectateurs.,"Bonjour Chelsea, j'ai d√©couvert votre cha√Æne et je suis impressionn√© par votre √©nergie et votre passion pour le fitness ! Je pense que votre contenu pourrait √™tre encore plus impactant avec un montage vid√©o plus dynamique et professionnel. Je serais ravi de discuter avec vous de la fa√ßon dont je pourrais vous aider √† am√©liorer la production de vos vid√©os.",
2026-01-10 13:46:45,Fitness,Fitness,thairivera,Transgender Caught in The ACT!!! | Planet Fitness Continues Trans Madness | Different Strokes,https://www.youtube.com/watch?v=DVUpSYXZZc8,06/01/2026,97600,37526,80,True,fr,Le contenu de la cha√Æne a un fort potentiel mais le montage est parfois ¬´ mou ¬ª et pourrait √™tre am√©lior√© pour une meilleure exp√©rience utilisateur.,"Bonjour ThaiRivera, j'ai d√©couvert votre cha√Æne et je suis impressionn√© par votre cr√©ativit√© et votre engagement. Je pense que votre contenu pourrait √™tre encore plus impactant avec un montage vid√©o de qualit√©. Je serais ravi de discuter de la fa√ßon dont je pourrais vous aider √† am√©liorer la production de vos vid√©os.",
2026-01-10 13:46:45,Fitness,Fitness,Tony Jeffries,30 Minute Boxing Workout at Home | Boxercise,https://www.youtube.com/watch?v=so_bEQS91hE,08/01/2026,2960000,8766,80,True,fr,Le contenu de la cha√Æne a un fort potentiel mais le montage est parfois ¬´ mou ¬ª et pourrait √™tre am√©lior√© pour une meilleure exp√©rience utilisateur.,"Bonjour Tony, votre cha√Æne est incroyable et vos vid√©os de boxe sont tr√®s engageantes ! Je pense que avec un montage plus dynamique, vous pourriez encore augmenter l'implication de vos abonn√©s et am√©liorer la qualit√© globale de vos vid√©os. Je serais ravi de discuter de la fa√ßon dont je pourrais vous aider √† am√©liorer vos contenus.",
2026-01-10 13:46:45,Fitness,Fitness,A S Taj,Fitness After Fifty! | A S Taj Show With Adil Hossain Nobel & Rawan Ahmed Chowdhury by Fitsomnia.,https://www.youtube.com/watch?v=3tXsXNfcC-s,03/01/2026,,88601,80,True,fr,La cha√Æne a un contenu √† fort potentiel mais le montage est peu dynamique et la dur√©e de la vid√©o est longue avec des blancs et des h√©sitations.,"Bonjour A S Taj, j'ai d√©couvert votre cha√Æne et j'ai √©t√© impressionn√© par la qualit√© de vos contenus, notamment la vid√©o 'Fitness After Fifty !' avec Adil Hossain Nobel et Rawan Ahmed Chowdhury. Je pense que mon expertise en montage vid√©o pourrait vous aider √† am√©liorer la qualit√© visuelle et √† rendre vos vid√©os plus engageantes pour vos spectateurs. Je serais ravi de discuter avec vous de la fa√ßon dont je peux vous aider √† prendre votre cha√Æne √† l'√©tape suivante.",
2026-01-10 13:46:45,Fitness,Fitness,Haddy Abdel,ANWAR TRAINS AT THE MOST DANGEROUS GYM IN AMERICA,https://www.youtube.com/watch?v=88OUmthTjjY,09/01/2026,372000,164529,80,True,fr,La cha√Æne a un contenu √† fort potentiel mais un montage qui pourrait √™tre am√©lior√© pour une meilleure exp√©rience utilisateur,"Bonjour Haddy, j'ai d√©couvert votre cha√Æne et je suis impressionn√© par votre contenu ! Je pense que votre audience pourrait √™tre encore plus engag√©e avec un montage vid√©o plus dynamique et professionnel. Je serais ravi de discuter de la fa√ßon dont je pourrais vous aider √† am√©liorer la qualit√© de vos vid√©os.",
2026-01-10 13:46:45,Fitness,Fitness,Excuse Buster,HIGH QUALITY Immersive Interactive Warm Up | Squid Game POV | Full Body Workout,https://www.youtube.com/watch?v=YmR1YqmGUy0,02/01/2026,2170,626572,80,True,fr,Le contenu a un fort potentiel mais le montage est manquant pour une exp√©rience immersive compl√®te,F√©licitations pour votre vid√©o HIGH QUALITY Immersive Interactive Warm Up ! Votre cr√©ativit√© et votre √©nergie sont tr√®s appr√©ci√©es. Je pense que l'ajout d'un montage vid√©o de qualit√© pourrait encore am√©liorer l'exp√©rience de vos abonn√©s. Je serais ravi de discuter de la fa√ßon dont je peux vous aider √† am√©liorer vos vid√©os.,
2026-01-10 14:02:55,Fitness,Fitness,Immersive Workout ,Immersive Workout | Full Body Interactive Warm-Up | Viral Interactive Game FULL VERSION,https://www.youtube.com/watch?v=NcvTj7OuJAU,24/12/2025,857,190562,-15,False,fr,"La cha√Æne a peu d'abonn√©s et la vid√©o est courte, mais le contenu semble d√©j√† bien produit.","Dur√©e de 137s, ce qui est en de√ß√† de la dur√©e id√©ale; Cr√©ateur avec peu d'abonn√©s (857)","Bonjour, votre contenu est int√©ressant, mais nous pourrions vous aider √† am√©liorer la production vid√©o pour atteindre un public plus large.",Peu d'abonn√©s;Dur√©e de la vid√©o tr√®s courte
2026-01-10 14:02:55,Fitness,Fitness,Improved Health,30-Minute Japanese Walking Workout | Low Impact Intervals for Fat Loss & Endurance,https://www.youtube.com/watch?v=UmJXLXwn5II,05/01/2026,484000,35462,45,False,fr,Le score est insuffisant pour justifier l'intervention d'un monteur vid√©o,"Dur√©e de 2050s, ce qui d√©passe la dur√©e id√©ale; Abonn√©s : 484000, ce qui d√©passe le cap de 200k","Bonjour, nous avons analys√© votre cha√Æne et constat√© que vous avez une grande audience. Cependant, nous n'avons pas d√©tect√© de besoins en montage vid√©o pour le moment.",Abonn√©s >= 500k;Cha√Æne tr√®s √©tablie
2026-01-10 14:02:55,Fitness,Fitness,James Smith,Has The Fitness Industry Got This Wrong?,https://www.youtube.com/watch?v=ntA7P_vbSdI,06/01/2026,466000,116045,-30,False,fr,La cha√Æne a plus de 500k abonn√©s et semble tr√®s professionnelle.,Abonn√©s : 466000; Dur√©e : 558s,,Trop d'abonn√©s;Cha√Æne tr√®s professionnelle
2026-01-10 14:02:55,Fitness,Fitness,Vinay Jaisinghani,Gain vs Fatloss BREAKFAST #nutrition #food #health #fitness #protein,https://www.youtube.com/shorts/rh6sgLAujw4,03/01/2026,315000,7294360,-35,False,fr,"La cha√Æne a plus de 500k abonn√©s et la vid√©o est tr√®s courte, ce qui indique un niveau de production √©lev√©.",Dur√©e de la vid√©o : 22s; Abonn√©s : 315000,"Bonjour Vinay, votre contenu est tr√®s int√©ressant, mais nous ne pensons pas que nos services de montage vid√©o soient n√©cessaires pour votre cha√Æne actuellement.",Trop d'abonn√©s;Vid√©o trop courte
2026-01-10 14:02:55,Fitness,Fitness,rdx fitness,Belly Fat and Side Fat Kam Karne Ki Top 10 Home Exerciseü•µOr ye Galti kabhi mat krna #weightloss,https://www.youtube.com/shorts/PMI95bZ_GLU,05/01/2026,181000,199758,-30,False,fr,"La cha√Æne a plus de 200k abonn√©s et la vid√©o est courte, ce qui sugg√®re un contenu d√©j√† bien produit.",Dur√©e de la vid√©o : 111s; Abonn√©s : 181000,,Trop d'abonn√©s;Contenu d√©j√† bien produit
2026-01-10 14:02:55,Fitness,Fitness,Kangkan DB,Relatable for all The Gymbros ü§£ #bodybuilding #fitness #shorts,https://www.youtube.com/shorts/bXtRkq_N7q8,07/01/2026,414000,322816,-30,False,fr,"La cha√Æne a plus de 500k abonn√©s et la vid√©o est tr√®s courte, ce qui sugg√®re un niveau de production √©lev√©.",Dur√©e de la vid√©o : 11s; Abonn√©s : 414000,,Trop d'abonn√©s;Vid√©o trop courte
2026-01-10 14:02:55,Fitness,Fitness,Shyam_commando8817,Clutch lever tutorial üíØ‚úÖ#calisthenics #shorts #ytshorts #fitness #tutorial,https://www.youtube.com/shorts/A-CpdSacjQw,10/01/2026,124,1987,45,False,fr,Le score est inf√©rieur au seuil de 70 et la vid√©o est courte avec une dur√©e de 21 secondes.,Dur√©e de 21 secondes; Cr√©ateur individuel avec 124 abonn√©s,"Bonjour, votre contenu de fitness est int√©ressant ! Pensez-vous que l'√©dition vid√©o pourrait am√©liorer l'exp√©rience de vos spectateurs ?",Dur√©e tr√®s courte;Faible nombre d'abonn√©s
2026-01-10 14:02:55,Fitness,Fitness,MONU NETAM MALLAKHAMB ,Viral Short ü§Øüòé #mallakhamb #yogaskills #fitness #workout #ytshorts,https://www.youtube.com/shorts/diCS1aPZ7Zw,10/01/2026,35400,4967,45,False,fr,Le score est insuffisant pour justifier l'intervention d'un monteur vid√©o.,"Dur√©e de 7s, ce qui est tr√®s court; Abonn√©s : 35400, ce qui est en dessous du seuil de 500k","Bonjour, votre cha√Æne MONU NETAM MALLAKHAMB semble avoir un potentiel int√©ressant. Cependant, votre score ne justifie pas l'intervention d'un monteur vid√©o pour le moment.",Dur√©e tr√®s courte;Pas de signes de montage perfectible mentionn√©s
2026-01-10 14:02:55,Fitness,Fitness,Oyinda Fitness,There‚Äôs always a catch üò≠üò≠ #fitness,https://www.youtube.com/shorts/_gLvUVdtc8o,02/01/2026,66200,645932,-30,False,fr,"La cha√Æne a plus de 50k d'abonn√©s et la vid√©o est courte, ce qui sugg√®re un niveau de production √©lev√©.",Dur√©e de la vid√©o : 17s; Abonn√©s : 66200,,Cha√Æne tr√®s pro;Abonn√©s √©lev√©s
